{"id": "8takecva", "x": 27.138545989990234, "y": -43.928192138671875, "l": 13, "label": 3}, {"id": "4wv5tk4v", "x": -44.77495193481445, "y": -42.085472106933594, "l": 13, "label": 23},